<?xml version="1.0" encoding="UTF-8"?>
<office:document-content xmlns:office="urn:oasis:names:tc:opendocument:xmlns:office:1.0" xmlns:style="urn:oasis:names:tc:opendocument:xmlns:style:1.0" xmlns:text="urn:oasis:names:tc:opendocument:xmlns:text:1.0" xmlns:table="urn:oasis:names:tc:opendocument:xmlns:table:1.0" xmlns:draw="urn:oasis:names:tc:opendocument:xmlns:drawing:1.0" xmlns:fo="urn:oasis:names:tc:opendocument:xmlns:xsl-fo-compatible:1.0" xmlns:xlink="http://www.w3.org/1999/xlink" xmlns:dc="http://purl.org/dc/elements/1.1/" xmlns:meta="urn:oasis:names:tc:opendocument:xmlns:meta:1.0" xmlns:number="urn:oasis:names:tc:opendocument:xmlns:datastyle:1.0" xmlns:svg="urn:oasis:names:tc:opendocument:xmlns:svg-compatible:1.0" xmlns:chart="urn:oasis:names:tc:opendocument:xmlns:chart:1.0" xmlns:dr3d="urn:oasis:names:tc:opendocument:xmlns:dr3d:1.0" xmlns:math="http://www.w3.org/1998/Math/MathML" xmlns:form="urn:oasis:names:tc:opendocument:xmlns:form:1.0" xmlns:script="urn:oasis:names:tc:opendocument:xmlns:script:1.0" xmlns:ooo="http://openoffice.org/2004/office" xmlns:ooow="http://openoffice.org/2004/writer" xmlns:oooc="http://openoffice.org/2004/calc" xmlns:dom="http://www.w3.org/2001/xml-events" xmlns:xforms="http://www.w3.org/2002/xforms" xmlns:xsd="http://www.w3.org/2001/XMLSchema" xmlns:xsi="http://www.w3.org/2001/XMLSchema-instance" xmlns:rpt="http://openoffice.org/2005/report" xmlns:of="urn:oasis:names:tc:opendocument:xmlns:of:1.2" xmlns:xhtml="http://www.w3.org/1999/xhtml" xmlns:grddl="http://www.w3.org/2003/g/data-view#" xmlns:officeooo="http://openoffice.org/2009/office" xmlns:tableooo="http://openoffice.org/2009/table" xmlns:drawooo="http://openoffice.org/2010/draw" xmlns:calcext="urn:org:documentfoundation:names:experimental:calc:xmlns:calcext:1.0" xmlns:loext="urn:org:documentfoundation:names:experimental:office:xmlns:loext:1.0" xmlns:field="urn:openoffice:names:experimental:ooo-ms-interop:xmlns:field:1.0" xmlns:formx="urn:openoffice:names:experimental:ooxml-odf-interop:xmlns:form:1.0" xmlns:css3t="http://www.w3.org/TR/css3-text/" office:version="1.2"><office:scripts/><office:font-face-decls><style:font-face style:name="OpenSymbol1" svg:font-family="OpenSymbol" style:font-charset="x-symbol"/><style:font-face style:name="Arial" svg:font-family="Arial" style:font-family-generic="roman" style:font-pitch="variable"/><style:font-face style:name="Liberation Sans1" svg:font-family="&apos;Liberation Sans&apos;, Arial" style:font-family-generic="roman" style:font-pitch="variable"/><style:font-face style:name="Liberation Serif" svg:font-family="&apos;Liberation Serif&apos;" style:font-adornments="Regular" style:font-family-generic="roman" style:font-pitch="variable"/><style:font-face style:name="OpenSymbol" svg:font-family="OpenSymbol, &apos;Arial Unicode MS&apos;" style:font-family-generic="roman" style:font-pitch="variable"/><style:font-face style:name="Symbol" svg:font-family="Symbol" style:font-family-generic="roman" style:font-pitch="variable"/><style:font-face style:name="helvetica" svg:font-family="helvetica" style:font-family-generic="roman" style:font-pitch="variable"/><style:font-face style:name="Liberation Sans" svg:font-family="&apos;Liberation Sans&apos;" style:font-family-generic="swiss" style:font-pitch="variable"/><style:font-face style:name="FreeSans" svg:font-family="FreeSans" style:font-family-generic="system" style:font-pitch="variable"/><style:font-face style:name="Mangal" svg:font-family="Mangal" style:font-family-generic="system" style:font-pitch="variable"/><style:font-face style:name="Microsoft YaHei" svg:font-family="&apos;Microsoft YaHei&apos;" style:font-family-generic="system" style:font-pitch="variable"/><style:font-face style:name="Noto Sans CJK SC Regular" svg:font-family="&apos;Noto Sans CJK SC Regular&apos;" style:font-family-generic="system" style:font-pitch="variable"/><style:font-face style:name="OpenSymbol2" svg:font-family="OpenSymbol, &apos;Arial Unicode MS&apos;" style:font-family-generic="system" style:font-pitch="variable"/></office:font-face-decls><office:automatic-styles><style:style style:name="P1" style:family="paragraph" style:parent-style-name="Standard"><style:paragraph-properties fo:line-height="150%" fo:text-align="center" style:justify-single-word="false" style:writing-mode="lr-tb"/><style:text-properties fo:font-weight="normal" officeooo:paragraph-rsid="000ad8d5" style:font-weight-asian="normal" style:font-weight-complex="normal"/></style:style><style:style style:name="P2" style:family="paragraph" style:parent-style-name="Standard"><style:paragraph-properties fo:line-height="150%" style:writing-mode="lr-tb"><style:tab-stops><style:tab-stop style:position="17cm" style:type="right"/></style:tab-stops></style:paragraph-properties><style:text-properties fo:font-weight="normal" officeooo:paragraph-rsid="000ad8d5" style:font-weight-asian="normal" style:font-weight-complex="normal"/></style:style><style:style style:name="P3" style:family="paragraph" style:parent-style-name="Standard"><loext:graphic-properties draw:fill-image-width="0cm" draw:fill-image-height="0cm"/><style:paragraph-properties fo:line-height="200%" style:writing-mode="lr-tb"><style:tab-stops><style:tab-stop style:position="17cm" style:type="right" style:leader-style="solid" style:leader-text="_"/></style:tab-stops></style:paragraph-properties><style:text-properties fo:font-weight="normal" style:font-weight-asian="normal" style:font-weight-complex="normal"/></style:style><style:style style:name="P4" style:family="paragraph" style:parent-style-name="Standard"><style:paragraph-properties fo:line-height="150%" style:writing-mode="lr-tb"/><style:text-properties style:font-name="helvetica" fo:font-size="10pt" fo:font-weight="normal" style:font-size-asian="10pt" style:font-weight-asian="normal" style:font-size-complex="10pt" style:font-weight-complex="normal"/></style:style><style:style style:name="P5" style:family="paragraph" style:parent-style-name="Standard"><loext:graphic-properties draw:fill-image-width="0cm" draw:fill-image-height="0cm"/><style:paragraph-properties fo:line-height="200%" style:writing-mode="lr-tb"><style:tab-stops><style:tab-stop style:position="17cm" style:type="right" style:leader-style="solid" style:leader-text="_"/></style:tab-stops></style:paragraph-properties><style:text-properties style:font-name="helvetica" fo:font-size="10pt" fo:font-weight="normal" style:font-size-asian="10pt" style:font-weight-asian="normal" style:font-size-complex="10pt" style:font-weight-complex="normal"/></style:style><style:style style:name="P6" style:family="paragraph" style:parent-style-name="Standard"><style:paragraph-properties fo:line-height="150%" style:writing-mode="lr-tb"/><style:text-properties style:font-name="helvetica" fo:font-size="10pt" fo:font-weight="bold" style:font-size-asian="10pt" style:font-weight-asian="bold" style:font-size-complex="10pt" style:font-weight-complex="bold"/></style:style><style:style style:name="P7" style:family="paragraph" style:parent-style-name="Standard"><style:paragraph-properties fo:line-height="150%" style:writing-mode="lr-tb"><style:tab-stops><style:tab-stop style:position="17cm" style:type="right" style:leader-style="solid" style:leader-text="_"/></style:tab-stops></style:paragraph-properties><style:text-properties style:font-name="helvetica" fo:font-size="10pt" fo:font-weight="bold" style:font-size-asian="10pt" style:font-weight-asian="bold" style:font-size-complex="10pt" style:font-weight-complex="bold"/></style:style><style:style style:name="P8" style:family="paragraph" style:parent-style-name="Standard"><style:paragraph-properties fo:line-height="150%" style:writing-mode="lr-tb"/><style:text-properties style:font-name="helvetica" fo:font-size="10pt" style:font-size-asian="10pt" style:font-size-complex="10pt"/></style:style><style:style style:name="P9" style:family="paragraph" style:parent-style-name="Standard"><loext:graphic-properties draw:fill-image-width="0cm" draw:fill-image-height="0cm"/><style:paragraph-properties fo:line-height="200%" style:writing-mode="lr-tb"><style:tab-stops><style:tab-stop style:position="17cm" style:type="right" style:leader-style="solid" style:leader-text="_"/></style:tab-stops></style:paragraph-properties><style:text-properties style:font-name="helvetica" fo:font-size="10pt" style:font-size-asian="10pt" style:font-size-complex="10pt"/></style:style><style:style style:name="P10" style:family="paragraph" style:parent-style-name="Standard"><style:paragraph-properties fo:line-height="150%" fo:text-align="center" style:justify-single-word="false" style:writing-mode="lr-tb"/><style:text-properties style:font-name="helvetica" fo:font-weight="bold" style:font-weight-asian="bold" style:font-weight-complex="bold"/></style:style><style:style style:name="P11" style:family="paragraph" style:parent-style-name="Standard"><style:paragraph-properties fo:line-height="150%" style:writing-mode="lr-tb"/></style:style><style:style style:name="P12" style:family="paragraph" style:parent-style-name="Standard"><style:paragraph-properties fo:line-height="150%" fo:text-align="center" style:justify-single-word="false" style:writing-mode="lr-tb"/></style:style><style:style style:name="P13" style:family="paragraph" style:parent-style-name="Standard" style:list-style-name="WWNum1"><style:paragraph-properties fo:line-height="150%" style:writing-mode="lr-tb"/></style:style><style:style style:name="P14" style:family="paragraph" style:parent-style-name="Standard"><style:paragraph-properties fo:line-height="150%" style:writing-mode="lr-tb"><style:tab-stops><style:tab-stop style:position="17cm" style:type="right" style:leader-style="solid" style:leader-text="_"/></style:tab-stops></style:paragraph-properties></style:style><style:style style:name="P15" style:family="paragraph" style:parent-style-name="Standard" style:master-page-name=""><loext:graphic-properties draw:fill-image-width="0cm" draw:fill-image-height="0cm"/><style:paragraph-properties fo:line-height="200%" style:page-number="auto" style:writing-mode="lr-tb"><style:tab-stops><style:tab-stop style:position="17cm" style:type="right" style:leader-style="solid" style:leader-text="_"/></style:tab-stops></style:paragraph-properties><style:text-properties fo:font-weight="normal" style:font-weight-asian="normal" style:font-weight-complex="normal"/></style:style><style:style style:name="P16" style:family="paragraph" style:parent-style-name="Standard" style:list-style-name="L1"><loext:graphic-properties draw:fill-image-width="0cm" draw:fill-image-height="0cm"/><style:paragraph-properties fo:line-height="1.499cm" style:shadow="none" style:writing-mode="lr-tb"><style:tab-stops><style:tab-stop style:position="17cm" style:type="right" style:leader-style="solid" style:leader-text="_"/></style:tab-stops></style:paragraph-properties><style:text-properties style:font-name="helvetica" fo:font-size="14pt" fo:font-weight="normal" officeooo:rsid="000c3c9d" officeooo:paragraph-rsid="000c3c9d" style:font-size-asian="14pt" style:font-weight-asian="normal" style:font-size-complex="14pt" style:font-weight-complex="normal"/></style:style><style:style style:name="P17" style:family="paragraph" style:parent-style-name="Standard" style:list-style-name="L1" style:master-page-name=""><loext:graphic-properties draw:fill-image-width="0cm" draw:fill-image-height="0cm"/><style:paragraph-properties fo:line-height="1.499cm" style:page-number="auto" style:shadow="none" style:writing-mode="lr-tb"><style:tab-stops><style:tab-stop style:position="17cm" style:type="right" style:leader-style="solid" style:leader-text="_"/></style:tab-stops></style:paragraph-properties><style:text-properties style:font-name="helvetica" fo:font-size="14pt" fo:font-weight="normal" officeooo:rsid="000c3c9d" officeooo:paragraph-rsid="000c3c9d" style:font-size-asian="14pt" style:font-weight-asian="normal" style:font-size-complex="14pt" style:font-weight-complex="normal"/></style:style><style:style style:name="P18" style:family="paragraph" style:parent-style-name="Heading_20_1" style:master-page-name="Standard"><style:paragraph-properties style:page-number="auto"/></style:style><style:style style:name="T1" style:family="text"><style:text-properties style:font-name="helvetica" fo:font-size="18pt" fo:font-weight="bold" style:font-size-asian="18pt" style:font-weight-asian="bold" style:font-size-complex="18pt" style:font-weight-complex="bold"/></style:style><style:style style:name="T2" style:family="text"><style:text-properties style:font-name="helvetica" fo:font-size="10pt" fo:font-weight="bold" style:font-size-asian="10pt" style:font-weight-asian="bold" style:font-size-complex="10pt" style:font-weight-complex="bold"/></style:style><style:style style:name="T3" style:family="text"><style:text-properties style:font-name="helvetica" fo:font-size="10pt" fo:font-weight="bold" officeooo:rsid="00092a6d" style:font-size-asian="10pt" style:font-weight-asian="bold" style:font-size-complex="10pt" style:font-weight-complex="bold"/></style:style><style:style style:name="T4" style:family="text"><style:text-properties style:font-name="helvetica" fo:font-size="10pt" fo:font-weight="normal" style:font-size-asian="10pt" style:font-weight-asian="normal" style:font-size-complex="10pt" style:font-weight-complex="normal"/></style:style><style:style style:name="T5" style:family="text"><style:text-properties style:font-name="helvetica" fo:font-size="10pt" style:font-size-asian="10pt" style:font-size-complex="10pt"/></style:style><style:style style:name="T6" style:family="text"><style:text-properties style:font-name="helvetica" fo:font-size="10pt" officeooo:rsid="00092a6d" style:font-size-asian="10pt" style:font-size-complex="10pt"/></style:style><style:style style:name="T7" style:family="text"><style:text-properties fo:font-size="18pt" style:font-size-asian="18pt" style:font-size-complex="18pt"/></style:style><style:style style:name="T8" style:family="text"><style:text-properties fo:font-size="10pt" fo:font-weight="bold" style:font-size-asian="10pt" style:font-weight-asian="bold" style:font-size-complex="10pt" style:font-weight-complex="bold"/></style:style><style:style style:name="T9" style:family="text"><style:text-properties fo:font-size="10pt" style:font-size-asian="10pt" style:font-size-complex="10pt"/></style:style><text:list-style style:name="L1"><text:list-level-style-bullet text:level="1" text:style-name="Bullet_20_Symbols" text:bullet-char="•"><style:list-level-properties text:list-level-position-and-space-mode="label-alignment"><style:list-level-label-alignment text:label-followed-by="listtab" text:list-tab-stop-position="1.27cm" fo:text-indent="-0.635cm" fo:margin-left="1.27cm"/></style:list-level-properties></text:list-level-style-bullet><text:list-level-style-bullet text:level="2" text:style-name="Bullet_20_Symbols" text:bullet-char="◦"><style:list-level-properties text:list-level-position-and-space-mode="label-alignment"><style:list-level-label-alignment text:label-followed-by="listtab" text:list-tab-stop-position="1.905cm" fo:text-indent="-0.635cm" fo:margin-left="1.905cm"/></style:list-level-properties></text:list-level-style-bullet><text:list-level-style-bullet text:level="3" text:style-name="Bullet_20_Symbols" text:bullet-char="▪"><style:list-level-properties text:list-level-position-and-space-mode="label-alignment"><style:list-level-label-alignment text:label-followed-by="listtab" text:list-tab-stop-position="2.54cm" fo:text-indent="-0.635cm" fo:margin-left="2.54cm"/></style:list-level-properties></text:list-level-style-bullet><text:list-level-style-bullet text:level="4" text:style-name="Bullet_20_Symbols" text:bullet-char="•"><style:list-level-properties text:list-level-position-and-space-mode="label-alignment"><style:list-level-label-alignment text:label-followed-by="listtab" text:list-tab-stop-position="3.175cm" fo:text-indent="-0.635cm" fo:margin-left="3.175cm"/></style:list-level-properties></text:list-level-style-bullet><text:list-level-style-bullet text:level="5" text:style-name="Bullet_20_Symbols" text:bullet-char="◦"><style:list-level-properties text:list-level-position-and-space-mode="label-alignment"><style:list-level-label-alignment text:label-followed-by="listtab" text:list-tab-stop-position="3.81cm" fo:text-indent="-0.635cm" fo:margin-left="3.81cm"/></style:list-level-properties></text:list-level-style-bullet><text:list-level-style-bullet text:level="6" text:style-name="Bullet_20_Symbols" text:bullet-char="▪"><style:list-level-properties text:list-level-position-and-space-mode="label-alignment"><style:list-level-label-alignment text:label-followed-by="listtab" text:list-tab-stop-position="4.445cm" fo:text-indent="-0.635cm" fo:margin-left="4.445cm"/></style:list-level-properties></text:list-level-style-bullet><text:list-level-style-bullet text:level="7" text:style-name="Bullet_20_Symbols" text:bullet-char="•"><style:list-level-properties text:list-level-position-and-space-mode="label-alignment"><style:list-level-label-alignment text:label-followed-by="listtab" text:list-tab-stop-position="5.08cm" fo:text-indent="-0.635cm" fo:margin-left="5.08cm"/></style:list-level-properties></text:list-level-style-bullet><text:list-level-style-bullet text:level="8" text:style-name="Bullet_20_Symbols" text:bullet-char="◦"><style:list-level-properties text:list-level-position-and-space-mode="label-alignment"><style:list-level-label-alignment text:label-followed-by="listtab" text:list-tab-stop-position="5.715cm" fo:text-indent="-0.635cm" fo:margin-left="5.715cm"/></style:list-level-properties></text:list-level-style-bullet><text:list-level-style-bullet text:level="9" text:style-name="Bullet_20_Symbols" text:bullet-char="▪"><style:list-level-properties text:list-level-position-and-space-mode="label-alignment"><style:list-level-label-alignment text:label-followed-by="listtab" text:list-tab-stop-position="6.35cm" fo:text-indent="-0.635cm" fo:margin-left="6.35cm"/></style:list-level-properties></text:list-level-style-bullet><text:list-level-style-bullet text:level="10" text:style-name="Bullet_20_Symbols" text:bullet-char="•"><style:list-level-properties text:list-level-position-and-space-mode="label-alignment"><style:list-level-label-alignment text:label-followed-by="listtab" text:list-tab-stop-position="6.985cm" fo:text-indent="-0.635cm" fo:margin-left="6.985cm"/></style:list-level-properties></text:list-level-style-bullet></text:list-style></office:automatic-styles><office:body><office:text><text:sequence-decls><text:sequence-decl text:display-outline-level="0" text:name="Illustration"/><text:sequence-decl text:display-outline-level="0" text:name="Table"/><text:sequence-decl text:display-outline-level="0" text:name="Text"/><text:sequence-decl text:display-outline-level="0" text:name="Drawing"/></text:sequence-decls>
