<?xml version="1.0" encoding="UTF-8"?>
<office:document-meta xmlns:office="urn:oasis:names:tc:opendocument:xmlns:office:1.0" xmlns:xlink="http://www.w3.org/1999/xlink" xmlns:dc="http://purl.org/dc/elements/1.1/" xmlns:meta="urn:oasis:names:tc:opendocument:xmlns:meta:1.0" xmlns:ooo="http://openoffice.org/2004/office" xmlns:grddl="http://www.w3.org/2003/g/data-view#" office:version="1.2"><office:meta><meta:creation-date>2016-09-01T17:35:22</meta:creation-date><dc:language>fr-FR</dc:language><dc:date>2017-01-09T12:19:52.016000000</dc:date><meta:editing-cycles>89</meta:editing-cycles><meta:editing-duration>PT8H53M26S</meta:editing-duration><meta:generator>LibreOffice/5.2.2.2$Windows_x86 LibreOffice_project/8f96e87c890bf8fa77463cd4b640a2312823f3ad</meta:generator><meta:document-statistic meta:table-count="0" meta:image-count="0" meta:object-count="0" meta:page-count="1" meta:paragraph-count="9" meta:word-count="43" meta:character-count="255" meta:non-whitespace-character-count="216"/></office:meta></office:document-meta>